{
  "timestamp": "2025-09-09T16:22:52.377606",
  "top_models": [
    {
      "order": [
        0,
        0,
        1
      ],
      "seasonal_order": [
        1,
        0,
        1,
        12
      ],
      "precision_final": 54.82528467209554,
      "rmse": 2.6687808342117307,
      "mape": 7.368071694796539,
      "r2_score": -0.1930969162890468,
      "aic": 177.8920819131363
    },
    {
      "order": [
        3,
        0,
        1
      ],
      "seasonal_order": [
        1,
        0,
        0,
        12
      ],
      "precision_final": 53.227431189381775,
      "rmse": 2.890010956287884,
      "mape": 10.901083434368235,
      "r2_score": -0.39910040223689824,
      "aic": 76.11650600994112
    },
    {
      "order": [
        1,
        0,
        0
      ],
      "seasonal_order": [
        1,
        0,
        0,
        12
      ],
      "precision_final": 53.151561769857366,
      "rmse": 2.8152818621529216,
      "mape": 11.246687790064277,
      "r2_score": -0.32768077816889174,
      "aic": 95.6073660102317
    }
  ],
  "status": "updated",
  "source": "Parametro.py",
  "execution_mode": "Desarrollo",
  "path_utils_available": false
}