{
  "timestamp": "2025-09-01T15:03:09.555926",
  "top_models": [
    {
      "order": [
        1,
        0,
        1
      ],
      "seasonal_order": [
        1,
        1,
        1,
        11
      ],
      "precision_final": 68.78553731103042,
      "rmse": 1.9848565802331484,
      "mape": 7.899962036489229,
      "r2_score": 0.340054357150418,
      "aic": 77.92880087151617
    },
    {
      "order": [
        1,
        0,
        0
      ],
      "seasonal_order": [
        1,
        1,
        1,
        11
      ],
      "precision_final": 68.7494402958252,
      "rmse": 1.991792242023627,
      "mape": 7.513718613420023,
      "r2_score": 0.3354342180600015,
      "aic": 84.76373136553536
    },
    {
      "order": [
        1,
        0,
        1
      ],
      "seasonal_order": [
        0,
        1,
        1,
        11
      ],
      "precision_final": 57.1338879503015,
      "rmse": 2.360524157560416,
      "mape": 8.899990140376882,
      "r2_score": 0.06660213808471782,
      "aic": 72.40643849546437
    }
  ],
  "status": "updated",
  "source": "Parametro.py"
}